Rule,Antecedents,Consequents,Support,Confidence,Lift,Leverage,Conviction,Antecedent_Length,Consequent_Length
root vegetables → other vegetables,root vegetables,other vegetables,0.0338621110433191,0.3373860182370821,1.9760894004428025,0.016726190454032362,1.251506661964762,1,1
root vegetables → whole milk,root vegetables,whole milk,0.030201342281879196,0.3009118541033435,1.3499850242939233,0.007829729457747854,1.111590665923902,1,1
other vegetables → whole milk,other vegetables,whole milk,0.05023388244864755,0.2942227516378797,1.3199756111345389,0.012177207745793929,1.1010554101030696,1,1
yogurt → whole milk,yogurt,whole milk,0.02857433394346146,0.28585961342828076,1.2824559481996867,0.006293386216894983,1.088161196662315,1,1
tropical fruit → whole milk,tropical fruit,whole milk,0.02796420581655481,0.270935960591133,1.2155037575060228,0.004957937309469387,1.0658869668936783,1,1
tropical fruit → other vegetables,tropical fruit,other vegetables,0.023388244864754933,0.2266009852216749,1.3272150617450573,0.005766198868679923,1.0722354135982146,1,1
whole milk → other vegetables,whole milk,other vegetables,0.05023388244864755,0.22536496350364965,1.3199756111345389,0.012177207745793929,1.07052453531928,1,1
